0,-0.0028905,0.10524
0.01,0.0028435,0.10913
0.02,0.0088125,0.11412
0.03,0.015181,0.11978
0.04,0.022043,0.1243
0.05,0.02954,0.12903
0.06,0.037435,0.13401
0.07,0.045543,0.13775
0.08,0.054144,0.14206
0.09,0.063003,0.14617
0.1,0.07238,0.14949
0.11,0.082156,0.15318
0.12,0.092355,0.15572
0.13,0.10269,0.16097
0.14,0.11341,0.16346
0.15,0.1246,0.1659
0.16,0.13614,0.16845
0.17,0.14765,0.17125
0.18,0.15954,0.17447
0.19,0.17176,0.17499
0.2,0.18445,0.17785
0.21,0.19733,0.17962
0.22,0.2103,0.18071
0.23,0.22379,0.18112
0.24,0.23768,0.18305
0.25,0.2515,0.18429
0.26,0.26576,0.18512
0.27,0.28028,0.18549
0.28,0.29525,0.18627
0.29,0.31011,0.18684
0.3,0.32524,0.18653
0.31,0.34089,0.18554
0.32,0.35664,0.18575
0.33,0.37236,0.1858
0.34,0.38845,0.18408
0.35,0.405,0.18289
0.36,0.42117,0.18175
0.37,0.43736,0.18019
0.38,0.45407,0.17837
0.39,0.47066,0.17723
0.4,0.48697,0.17525
0.41,0.50335,0.17297
0.42,0.51984,0.17032
0.43,0.53594,0.16845
0.44,0.5519,0.16476
0.45,0.56771,0.16201
0.46,0.58318,0.159
0.47,0.59852,0.15479
0.48,0.61314,0.15261
0.49,0.62783,0.14991
0.5,0.64202,0.14596
0.51,0.65541,0.1417
0.52,0.6685,0.13718
0.53,0.68141,0.13422
0.54,0.69313,0.13105
0.55,0.70415,0.12659
0.56,0.71452,0.12186
0.57,0.72406,0.11879
0.58,0.73245,0.11433
0.59,0.73987,0.11069
0.6,0.74674,0.10487
0.61,0.75285,0.1016
0.62,0.75759,0.096823
0.63,0.76145,0.092876
0.64,0.76453,0.088824
0.65,0.76648,0.084565
0.66,0.76746,0.078904
0.67,0.76789,0.075475
0.68,0.76742,0.070489
0.69,0.76711,0.065607
0.7,0.76704,0.060984
0.71,0.76704,0.056101
0.72,0.76704,0.050544
0.73,0.76704,0.046337
0.74,0.76704,0.042077
0.7498,0.76704,0.042077
0.75,0.76704,0.036727
0.76,0.76702,0.031637
0.77,0.76695,0.027586
0.78,0.76683,0.021717
0.79,0.76655,0.017717
0.8,0.76643,0.012263
0.81,0.76633,0.0075886
0.82,0.76624,0.0022387
0.83,0.76615,-0.002436
0.84,0.76603,-0.0071107
0.85,0.76561,-0.010643
0.86,0.76525,-0.015889
0.87,0.76485,-0.019057
0.88,0.76434,-0.024459
0.89,0.76403,-0.029186
0.9,0.76359,-0.034639
0.91,0.76337,-0.039522
0.92,0.76321,-0.045079
0.93,0.76272,-0.047469
0.94,0.76236,-0.051416
0.95,0.76156,-0.056351
0.96,0.76067,-0.060506
0.97,0.75968,-0.065077
0.98,0.75849,-0.069699
0.99,0.75693,-0.074374
1,0.75595,-0.07588
1.01,0.75496,-0.080711
1.02,0.75383,-0.085074
1.03,0.75278,-0.088762
1.04,0.75148,-0.092813
1.05,0.75017,-0.094995
1.06,0.74904,-0.099046
1.07,0.74768,-0.10336
1.08,0.74638,-0.10606
1.09,0.74483,-0.1086
1.1,0.74326,-0.1125
1.11,0.74131,-0.11515
1.12,0.7391,-0.11832
1.13,0.73684,-0.12076
1.14,0.73419,-0.12398
1.15,0.73141,-0.12585
1.16,0.72843,-0.12938
1.17,0.725,-0.13089
1.18,0.72129,-0.13239
1.19,0.71736,-0.13457
1.2,0.7133,-0.13717
1.21,0.70874,-0.13837
1.22,0.70378,-0.13992
1.23,0.69861,-0.14159
1.24,0.6932,-0.14278
1.25,0.68759,-0.14434
1.26,0.68183,-0.14559
1.27,0.67593,-0.14673
1.28,0.66966,-0.14652
1.29,0.66329,-0.14792
1.3,0.65671,-0.14808
1.31,0.64985,-0.14855
1.32,0.64308,-0.14938
1.33,0.63638,-0.14912
1.34,0.62933,-0.14943
1.35,0.62237,-0.14875
1.36,0.6153,-0.14746
1.37,0.6083,-0.14792
1.38,0.60139,-0.14709
1.39,0.59446,-0.14657
1.4,0.5879,-0.14574
1.41,0.58127,-0.14418
1.42,0.57495,-0.14325
1.43,0.56879,-0.14221
1.44,0.56264,-0.14138
1.45,0.55679,-0.13909
1.46,0.55126,-0.138
1.47,0.54612,-0.13686
1.48,0.54099,-0.13437
1.49,0.53627,-0.13224
1.5,0.53202,-0.13141
1.51,0.52774,-0.1287
1.52,0.52407,-0.12637
1.53,0.52088,-0.12398
1.54,0.51808,-0.12159
1.55,0.51573,-0.1178
1.56,0.51369,-0.11582
1.57,0.5123,-0.11302
1.58,0.51134,-0.11001
1.59,0.51068,-0.10756
1.6,0.51063,-0.10398
1.61,0.5108,-0.10081
1.62,0.51094,-0.098215
1.63,0.51094,-0.095722
1.64,0.51094,-0.091774
1.65,0.51101,-0.088087
1.66,0.51101,-0.084451
1.67,0.51101,-0.080971
1.68,0.51101,-0.078374
1.69,0.5111,-0.074011
1.7,0.5112,-0.070686
1.71,0.51127,-0.066531
1.72,0.51131,-0.062843
1.73,0.51136,-0.059519
1.74,0.51138,-0.054689
1.75,0.51138,-0.054689
1.75,0.51141,-0.051157
1.75,0.51141,-0.051157
1.76,0.51141,-0.047001
1.77,0.51145,-0.042742
1.78,0.51152,-0.038119
1.79,0.51162,-0.034639
1.8,0.51174,-0.030848
1.81,0.51188,-0.026692
1.82,0.51209,-0.021914
1.83,0.51223,-0.018434
1.84,0.51235,-0.013915
1.85,0.51249,-0.0095519
1.86,0.51275,-0.0046694
1.87,0.51322,-0.00092968
1.88,0.5135,0.0047319
1.89,0.51413,0.0077445
1.9,0.5146,0.011744
1.91,0.51533,0.016886
1.92,0.51606,0.020937
1.93,0.51646,0.025404
1.94,0.51702,0.030391
1.95,0.51735,0.034078
1.96,0.51792,0.038701
1.97,0.51825,0.043584
1.98,0.51888,0.048103
1.99,0.51947,0.051375
2,0.52013,0.055582
2.01,0.52081,0.059997
2.02,0.52114,0.065295
2.03,0.52165,0.067477
2.04,0.52196,0.071372
2.05,0.52245,0.076462
2.06,0.52269,0.080877
2.07,0.52311,0.084098
2.08,0.52365,0.087474
2.09,0.52433,0.090694
2.1,0.52487,0.095369
2.11,0.5257,0.098381
2.12,0.52659,0.10134
2.13,0.52772,0.10508
2.14,0.52922,0.10882
2.15,0.53084,0.11137
2.16,0.53263,0.11433
2.17,0.53477,0.11796
2.18,0.53681,0.11999
2.19,0.539,0.1229
2.2,0.54151,0.12539
2.21,0.54424,0.12705
2.22,0.54703,0.12991
2.23,0.54999,0.1323
2.24,0.5534,0.13438
2.25,0.55683,0.13547
2.26,0.56057,0.13744
2.27,0.56478,0.13786
2.28,0.56889,0.13973
2.29,0.5734,0.14077
2.3,0.57801,0.14175
2.31,0.58245,0.14264
2.32,0.58703,0.14409
2.33,0.59185,0.14487
2.34,0.59667,0.14367
2.35,0.60153,0.14523
2.36,0.60642,0.14565
2.37,0.61156,0.14513
2.38,0.61671,0.14419
2.39,0.62169,0.14471
2.4,0.62689,0.14409
2.41,0.6318,0.14357
2.42,0.63666,0.14232
2.43,0.64162,0.14165
2.44,0.64656,0.14009
2.45,0.65126,0.13827
2.46,0.65577,0.13749
2.47,0.66016,0.13542
2.48,0.66456,0.13438
2.49,0.66839,0.1323
2.5,0.6721,0.13152
2.51,0.6753,0.12861
2.52,0.67826,0.12716
2.53,0.68077,0.12409
2.54,0.68322,0.12144
2.55,0.68512,0.11983
2.56,0.68648,0.11807
2.57,0.68773,0.11485
2.58,0.68843,0.11183
2.59,0.68886,0.1096
2.6,0.68876,0.10633
2.61,0.68864,0.10316
2.62,0.68864,0.09968
2.63,0.68862,0.097239
2.64,0.6886,0.092616
2.65,0.68853,0.091162
2.66,0.68853,0.086591
2.67,0.6885,0.083059
2.68,0.6885,0.080462
2.69,0.68846,0.077345
2.7,0.68846,0.072723
2.71,0.68839,0.067632
2.72,0.68829,0.064464
2.73,0.68824,0.061347
2.74,0.68824,0.057296
2.75,0.6882,0.052725
2.76,0.68817,0.048778
2.77,0.68813,0.04296
2.78,0.6881,0.040883
2.79,0.68808,0.037195
2.8,0.68806,0.032572
2.81,0.68801,0.027326
2.82,0.68794,0.023534
2.83,0.68775,0.020314
2.84,0.68759,0.016471
2.85,0.68745,0.012575
2.86,0.6873,0.0068095
2.87,0.68723,0.0034853
2.88,0.68714,-4.6687e-05
2.89,0.68702,-0.0057082
2.9,0.68679,-0.0088766
2.91,0.68655,-0.013915
2.92,0.68634,-0.016772
2.93,0.68613,-0.021342
2.94,0.68557,-0.024199
2.95,0.68521,-0.027264
2.96,0.68446,-0.030484
2.97,0.68364,-0.035834
2.98,0.68282,-0.040249
2.99,0.68232,-0.044248
3,0.68155,-0.047625
3.01,0.68072,-0.051572
3.02,0.67997,-0.053598
3.03,0.67922,-0.057545
3.04,0.67863,-0.062376
3.05,0.6783,-0.066167
3.06,0.67809,-0.06892
3.07,0.67788,-0.071777
3.08,0.67779,-0.075309
3.09,0.67774,-0.078218
3.1,0.67767,-0.081386
3.11,0.67739,-0.084035
3.12,0.67711,-0.088242
3.13,0.67685,-0.091047
3.14,0.67633,-0.093021
3.15,0.67588,-0.096189
3.16,0.67511,-0.098994
3.17,0.67429,-0.10154
3.18,0.6733,-0.10367
3.19,0.67217,-0.10606
3.2,0.67076,-0.10782
3.21,0.66928,-0.11104
3.22,0.66745,-0.11297
3.23,0.6655,-0.11421
3.24,0.66338,-0.11624
3.25,0.66098,-0.11816
3.26,0.65852,-0.11961
3.27,0.65605,-0.12133
3.28,0.65328,-0.12174
3.29,0.65041,-0.12367
3.3,0.64754,-0.12491
3.31,0.64458,-0.12683
3.32,0.64146,-0.12756
3.33,0.63838,-0.1285
3.34,0.63539,-0.12855
3.35,0.63199,-0.12928
3.36,0.62879,-0.13005
3.37,0.62526,-0.12974
3.38,0.62188,-0.1299
3.39,0.6185,-0.12964
3.4,0.61495,-0.13057
3.41,0.6117,-0.13057
3.42,0.6083,-0.12969
3.43,0.60524,-0.12938
3.44,0.60212,-0.12855
3.45,0.59925,-0.12782
3.46,0.59676,-0.12751
3.47,0.59422,-0.12647
3.48,0.59211,-0.12507
3.49,0.58997,-0.12538
3.5,0.58804,-0.12263
3.51,0.58644,-0.1219
3.52,0.58482,-0.12076
3.53,0.58365,-0.1191
3.54,0.58266,-0.11811
3.55,0.58188,-0.11572
3.56,0.58134,-0.11432
3.57,0.58118,-0.11271
3.58,0.58123,-0.11047
3.59,0.58125,-0.10871
3.6,0.58125,-0.10569
3.61,0.58125,-0.10424
3.62,0.58125,-0.10232
3.63,0.58125,-0.09915
3.64,0.58125,-0.096553
3.65,0.58125,-0.093333
3.66,0.58127,-0.090787
3.67,0.5813,-0.087775
3.68,0.58134,-0.085541
3.69,0.58144,-0.082373
3.7,0.58151,-0.07936
3.71,0.58151,-0.076088
3.72,0.58151,-0.074478
3.73,0.58158,-0.069492
3.74,0.5817,-0.066583
3.75,0.58172,-0.063415
3.76,0.58179,-0.059415
3.77,0.58181,-0.056922
3.78,0.58184,-0.053546
3.79,0.58186,-0.049858
3.8,0.58188,-0.04669
3.81,0.58191,-0.043158
3.82,0.58195,-0.039002
3.83,0.582,-0.035263
3.84,0.58207,-0.031679
3.85,0.58217,-0.029341
3.86,0.58228,-0.024615
3.87,0.58247,-0.021498
3.88,0.58264,-0.018278
3.89,0.58275,-0.012564
3.9,0.58289,-0.0079417
3.91,0.58311,-0.005085
3.92,0.58358,-0.00072192
3.93,0.58383,0.0025504
3.94,0.58419,0.0058746
3.95,0.5847,0.010393
3.96,0.58527,0.014912
3.97,0.58578,0.017873
3.98,0.58642,0.021041
3.99,0.58663,0.026963
4,0.58675,0.030235
4.01,0.58675,0.033871
4.02,0.58677,0.03813
4.03,0.58679,0.041194
4.04,0.58682,0.045298
4.05,0.58687,0.049505
4.06,0.58698,0.052206
4.07,0.58734,0.056569
4.08,0.58755,0.059374
4.09,0.58795,0.064931
4.1,0.58856,0.066594
4.11,0.58936,0.071424
4.12,0.59025,0.074177
4.13,0.59121,0.077189
4.14,0.59218,0.080669
4.15,0.59288,0.084669
4.16,0.59337,0.086954
4.17,0.59415,0.089499
4.18,0.59495,0.093187
4.19,0.5954,0.095421
4.2,0.59619,0.098329
4.21,0.59711,0.10171
4.22,0.59807,0.10399
4.23,0.59916,0.10576
4.24,0.60059,0.10893
4.25,0.60191,0.11157
4.26,0.60355,0.11246
4.27,0.60534,0.11391
4.28,0.60724,0.11682
4.29,0.60924,0.11781
4.3,0.61159,0.12051
4.31,0.61389,0.1216
4.32,0.61655,0.12285
4.33,0.61913,0.12472
4.34,0.62167,0.12539
4.35,0.62442,0.12633
4.36,0.62721,0.12679
4.37,0.62996,0.12768
4.38,0.63276,0.12913
4.39,0.63565,0.1283
4.4,0.63852,0.12887
4.41,0.64136,0.12892
4.42,0.64418,0.12861
4.43,0.64705,0.12866
4.44,0.64985,0.12892
4.45,0.65262,0.12783
4.46,0.65541,0.12721
4.47,0.65807,0.12684
4.48,0.66066,0.1269
4.49,0.66284,0.12513
4.5,0.66489,0.12373
4.51,0.66677,0.12295
4.52,0.66848,0.12217
4.53,0.67008,0.11973
4.54,0.67118,0.11994
4.55,0.67212,0.11724
4.56,0.67278,0.11526
4.57,0.67304,0.11464
4.58,0.67306,0.11235
4.59,0.67304,0.10955
4.6,0.67304,0.10726
4.61,0.67304,0.10721
4.62,0.67304,0.10264
4.63,0.67304,0.10046
4.64,0.67304,0.098277
4.65,0.67304,0.096304
4.66,0.67304,0.092668
4.67,0.67304,0.090227
4.68,0.67302,0.087837
4.69,0.67299,0.084617
4.7,0.67297,0.081552
4.71,0.67297,0.078436
4.72,0.67295,0.074956
4.73,0.67292,0.071736
4.74,0.67288,0.068879
4.75,0.6728,0.064048
4.76,0.67271,0.061503
4.77,0.67264,0.058543
4.78,0.67255,0.053712
4.79,0.67248,0.051842
4.8,0.67241,0.047479
4.81,0.67236,0.044986
4.82,0.67236,0.040519
4.83,0.67231,0.036831
4.84,0.67226,0.032988
4.85,0.67222,0.029508
4.86,0.67217,0.025768
4.87,0.67212,0.021353
4.88,0.67205,0.017146
4.89,0.67196,0.01299
4.9,0.67177,0.01003
4.91,0.67158,0.0056149
4.92,0.67147,0.0021868
4.93,0.67132,-0.0011894
4.94,0.67128,-0.0053447
4.95,0.67118,-0.0093441
4.96,0.67109,-0.012668
4.97,0.67076,-0.014954
4.98,0.67041,-0.019317
4.99,0.6702,-0.022797
5,0.66966,-0.026952
5.01,0.66928,-0.031315
5.02,0.6686,-0.033912
5.03,0.6681,-0.037288
5.04,0.6674,-0.040509
5.05,0.66672,-0.043781
5.06,0.66632,-0.047469
5.07,0.66564,-0.052195
5.08,0.6651,-0.055
5.09,0.6646,-0.057389
5.1,0.6639,-0.061337
5.11,0.66343,-0.063934
5.12,0.66291,-0.068816
5.13,0.66286,-0.070582
5.14,0.66282,-0.073231
5.15,0.66275,-0.075828
5.16,0.6627,-0.078789
5.17,0.6627,-0.081698
5.18,0.66265,-0.0831
5.19,0.66258,-0.085645
5.2,0.66237,-0.089801
5.21,0.66207,-0.092398
5.22,0.66185,-0.094475
5.23,0.66157,-0.097072
5.24,0.66098,-0.098371
5.25,0.66061,-0.10138
5.26,0.65995,-0.10201
5.27,0.65925,-0.10419
5.28,0.65861,-0.10632
5.29,0.65776,-0.10793
5.3,0.65671,-0.10985
5.31,0.65549,-0.11078
5.32,0.65431,-0.11307
5.33,0.65311,-0.11406
5.34,0.65165,-0.1151
5.35,0.65041,-0.11634
5.36,0.64879,-0.1165
5.37,0.64738,-0.11811
5.38,0.6458,-0.11858
5.39,0.64406,-0.11956
5.4,0.64237,-0.12071
5.41,0.64068,-0.12019
5.42,0.63878,-0.12019
5.43,0.63678,-0.122
5.44,0.63476,-0.12138
5.45,0.63271,-0.12034
5.46,0.63067,-0.12112
5.47,0.62846,-0.12071
5.48,0.6263,-0.12055
5.49,0.6243,-0.12003
5.5,0.62233,-0.12039
5.51,0.62045,-0.11873
5.52,0.61861,-0.11878
5.53,0.6169,-0.11749
5.54,0.61554,-0.11582
5.55,0.61408,-0.11499
5.56,0.613,-0.11416
5.57,0.61208,-0.1125
5.58,0.61145,-0.11104
5.59,0.61107,-0.10985
5.6,0.61093,-0.10814
5.61,0.61091,-0.10679
5.62,0.61093,-0.10569
5.63,0.61093,-0.10315
5.64,0.61093,-0.10195
5.65,0.61095,-0.099462
5.66,0.61098,-0.097488
5.67,0.61098,-0.094475
5.68,0.611,-0.092398
5.69,0.611,-0.091047
5.7,0.611,-0.088554
5.71,0.611,-0.085334
5.72,0.61102,-0.0831
5.73,0.61102,-0.079984
5.74,0.61102,-0.078062
5.75,0.61102,-0.074686
5.76,0.61105,-0.07266
5.77,0.61105,-0.068349
5.78,0.61107,-0.066167
5.79,0.61107,-0.062843
5.8,0.61109,-0.059259
5.81,0.61112,-0.056247
5.82,0.61119,-0.053286
5.83,0.61126,-0.04991
5.84,0.61131,-0.047157
5.85,0.61138,-0.043002
5.86,0.61142,-0.039522
5.87,0.61154,-0.035159
5.88,0.61173,-0.033029
5.89,0.6118,-0.030952
5.9,0.61187,-0.026381
5.91,0.61192,-0.02368
5.92,0.61196,-0.021135
5.93,0.61203,-0.015941
5.94,0.6121,-0.012201
5.95,0.61222,-0.0080456
5.96,0.61236,-0.004202
5.97,0.61267,-0.0011374
5.98,0.61288,0.0021868
5.99,0.61304,0.0059785
6,0.61356,0.0098221
6.01,0.61391,0.013458
6.02,0.61457,0.017146
6.03,0.61504,0.019431
6.04,0.61577,0.024158
6.05,0.61638,0.027638
6.06,0.61671,0.032157
6.07,0.61687,0.034806
6.08,0.61695,0.038182
6.09,0.61702,0.042025
6.1,0.61713,0.045765
6.11,0.61732,0.04831
6.12,0.61751,0.052258
6.13,0.61763,0.055998
6.14,0.61779,0.059374
6.15,0.6181,0.062594
6.16,0.6185,0.065191
6.17,0.61878,0.06836
6.18,0.61937,0.071943
6.19,0.61967,0.075579
6.2,0.62035,0.078384
6.21,0.62085,0.079683
6.22,0.62136,0.082747
6.23,0.62148,0.086123
6.24,0.62167,0.088149
6.25,0.62209,0.091785
6.26,0.62223,0.093707
6.27,0.62233,0.096511
6.28,0.62249,0.098641
6.29,0.62273,0.10119
6.3,0.62313,0.10321
6.31,0.62331,0.10487
6.32,0.62369,0.10737
6.33,0.62418,0.10965
6.34,0.62458,0.10986
6.35,0.62519,0.11121
6.36,0.62597,0.11412
6.37,0.62672,0.11505
6.38,0.62757,0.11651
6.39,0.6286,0.11718
6.4,0.62973,0.11879
6.41,0.63088,0.11905
6.42,0.63246,0.11921
6.43,0.63389,0.12056
6.44,0.63558,0.12004
6.45,0.63744,0.12046
6.46,0.63939,0.12175
6.47,0.64136,0.12061
6.48,0.64338,0.12113
6.49,0.64559,0.12082
6.5,0.64764,0.12014
6.51,0.64961,0.12025
6.52,0.65165,0.11968
6.53,0.65365,0.11859
6.54,0.65549,0.11843
6.55,0.65722,0.11744
6.56,0.65892,0.11625
6.57,0.66012,0.1149
6.58,0.6612,0.11339
6.59,0.66209,0.11251
6.6,0.66282,0.111
6.61,0.66338,0.10924
6.62,0.66366,0.10716
6.63,0.66371,0.10612
6.64,0.66371,0.10409
6.65,0.66371,0.10217
6.66,0.66371,0.10051
6.67,0.66371,0.09755
6.68,0.66369,0.096511
6.69,0.66369,0.092824
6.7,0.66369,0.090902
6.71,0.66369,0.088305
6.72,0.66369,0.085916
6.73,0.66369,0.082487
6.74,0.66366,0.080981
6.75,0.66364,0.077865
6.76,0.66364,0.074177
6.77,0.66362,0.072411
6.78,0.66362,0.069191
6.79,0.66359,0.065347
6.8,0.66357,0.061815
6.81,0.66355,0.059581
6.82,0.6635,0.055634
6.83,0.6634,0.052154
6.84,0.66331,0.049089
6.85,0.66322,0.045557
6.86,0.6631,0.042181
6.87,0.66305,0.038961
6.88,0.66296,0.034961
6.89,0.66293,0.030235
6.9,0.66286,0.027222
6.91,0.66282,0.024885
6.92,0.66277,0.020937
6.93,0.66275,0.015743
6.94,0.6627,0.013822
6.95,0.66265,0.010445
6.96,0.66258,0.0060304
6.97,0.66239,0.0024984
6.98,0.66218,-0.00092968
6.99,0.66202,-0.0040981
7,0.66192,-0.0088766
7.01,0.66181,-0.010695
7.02,0.66169,-0.014123
7.03,0.6615,-0.017914
7.04,0.6612,-0.020615
7.05,0.66098,-0.02394
7.06,0.6608,-0.027991
7.07,0.66035,-0.032042
7.08,0.65995,-0.034795
7.09,0.65934,-0.038847
7.1,0.65889,-0.042067
7.11,0.65809,-0.044352
7.12,0.65748,-0.047936
7.13,0.65718,-0.051364
7.14,0.6569,-0.053909
7.15,0.65643,-0.056247
7.16,0.65628,-0.059052
7.17,0.65612,-0.06248
7.18,0.65579,-0.064246
7.19,0.65544,-0.068193
7.2,0.65523,-0.07079
7.21,0.6548,-0.073231
7.22,0.65433,-0.07614
7.23,0.65398,-0.079257
7.24,0.65361,-0.07988
7.25,0.65361,-0.083879
7.26,0.65361,-0.086009
7.27,0.65356,-0.087463
7.28,0.65356,-0.089593
7.29,0.65356,-0.092294
7.3,0.65353,-0.094423
7.31,0.65351,-0.095878
7.32,0.65346,-0.098631
7.33,0.65346,-0.099825
7.34,0.65342,-0.10118
7.35,0.65337,-0.10356
7.36,0.65332,-0.1044
7.37,0.65318,-0.10585
7.38,0.65281,-0.10663
7.39,0.65252,-0.10736
7.4,0.65231,-0.10907
7.41,0.6517,-0.10928
7.42,0.6514,-0.11167
7.43,0.65069,-0.11177
7.44,0.65022,-0.11239
7.45,0.64956,-0.11307
7.46,0.64874,-0.11307
7.47,0.64797,-0.11302
7.48,0.6471,-0.11442
7.49,0.64625,-0.11395
7.5,0.64533,-0.11473
7.51,0.64437,-0.11484
7.52,0.64343,-0.11323
7.53,0.64249,-0.11328
7.54,0.64162,-0.11354
7.55,0.64073,-0.11245
7.56,0.6399,-0.11162
7.57,0.63904,-0.11167
7.58,0.63812,-0.11141
7.59,0.63727,-0.11037
7.6,0.6364,-0.10814
7.61,0.6356,-0.10756
7.62,0.63504,-0.10632
7.63,0.63455,-0.10497
7.64,0.63417,-0.10388
7.65,0.63382,-0.10237
7.66,0.6337,-0.10029
7.67,0.6337,-0.09915
7.68,0.6337,-0.097799
7.69,0.6337,-0.09593
7.7,0.6337,-0.094164
7.71,0.6337,-0.092242
7.72,0.6337,-0.089853
7.73,0.6337,-0.088138
7.74,0.6337,-0.085541
7.75,0.6337,-0.084814
7.76,0.6337,-0.080659
7.77,0.63372,-0.078893
7.78,0.63372,-0.076504
7.79,0.63375,-0.072972
7.8,0.63377,-0.071517
7.81,0.6338,-0.068505
7.82,0.6338,-0.065129
7.83,0.63382,-0.062376
7.84,0.63384,-0.059467
7.85,0.63387,-0.056091
7.86,0.63391,-0.053754
7.87,0.63398,-0.051053
7.88,0.63408,-0.047261
7.89,0.63424,-0.043262
7.9,0.63426,-0.039885
7.91,0.63434,-0.038431
7.92,0.63438,-0.034276
7.93,0.63445,-0.030796
7.94,0.6345,-0.028874
7.95,0.63455,-0.023628
7.96,0.63457,-0.022174
7.97,0.63462,-0.020148
7.98,0.63466,-0.015058
7.99,0.63471,-0.012097
8,0.63478,-0.0084611
8.01,0.63488,-0.0055005
8.02,0.63509,-0.0012933
8.03,0.63535,0.002862
8.04,0.63549,0.0048358
8.05,0.63567,0.0082119
8.06,0.63612,0.011536
8.07,0.63643,0.015691
8.08,0.6368,0.020314
8.09,0.63737,0.02208
8.1,0.63791,0.02582
8.11,0.63842,0.029352
8.12,0.63901,0.033403
8.13,0.63922,0.036104
8.14,0.63929,0.038701
8.15,0.63929,0.041922
8.16,0.63929,0.046492
8.17,0.63932,0.048934
8.18,0.63932,0.052414
8.19,0.63934,0.055322
8.2,0.63939,0.057452
8.21,0.63948,0.060984
8.22,0.6396,0.063789
8.23,0.63988,0.067165
8.24,0.64009,0.069658
8.25,0.64026,0.07293
8.26,0.64056,0.074904
8.27,0.6411,0.078176
8.28,0.6416,0.079631
8.29,0.64225,0.081968
8.3,0.64308,0.085084
8.31,0.64395,0.087733
8.32,0.64458,0.090227
8.33,0.64489,0.091889
8.34,0.64522,0.094278
8.35,0.64571,0.095577
8.36,0.64587,0.097862
8.37,0.64616,0.098381
8.38,0.64672,0.10186
8.39,0.64707,0.103
8.4,0.64771,0.10467
8.41,0.64841,0.10534
8.42,0.64895,0.107
8.43,0.6497,0.10835
8.44,0.65053,0.10908
8.45,0.6514,0.10996
8.46,0.65227,0.11028
8.47,0.65304,0.11116
8.48,0.65382,0.1109
8.49,0.65459,0.11183
8.5,0.65539,0.11267
8.51,0.65621,0.11209
8.52,0.65706,0.11204
8.53,0.65774,0.11215
8.54,0.65826,0.11209
8.55,0.65892,0.11147
8.56,0.65927,0.11199
8.57,0.65983,0.11152
8.58,0.66004,0.11048
8.59,0.6603,0.10996
8.6,0.66073,0.10908
8.61,0.66082,0.10815
8.62,0.66084,0.10695
8.63,0.66087,0.10581
8.64,0.66087,0.10389
8.65,0.66087,0.10233
8.66,0.66087,0.10207
8.67,0.66087,0.09942
8.68,0.66087,0.098745
8.69,0.66087,0.096875
8.7,0.66087,0.095525
8.71,0.66087,0.093291
8.72,0.66087,0.090279
8.73,0.66084,0.088149
8.74,0.66084,0.086695
8.75,0.66084,0.084201
8.76,0.66084,0.082228
8.77,0.66084,0.079059
8.78,0.66084,0.076151
8.79,0.66082,0.074437
8.8,0.66082,0.071891
8.81,0.6608,0.067788
8.82,0.66077,0.065918
8.83,0.66075,0.062646
8.84,0.6607,0.060049
8.85,0.66068,0.0574
8.86,0.66063,0.053141
8.87,0.66058,0.051011
8.88,0.66049,0.048362
8.89,0.6604,0.044311
8.9,0.6603,0.041766
8.91,0.66019,0.038338
8.92,0.66014,0.034234
8.93,0.66004,0.031897
8.94,0.66002,0.02717
8.95,0.66,0.024729
8.96,0.65995,0.020937
8.97,0.65993,0.017146
8.98,0.65988,0.014133
8.99,0.65983,0.010653
9,0.65976,0.0077964
9.01,0.65964,0.0034334
9.02,0.6595,5.2542e-06
9.03,0.65936,-0.0027996
9.04,0.65925,-0.0068509
9.05,0.65917,-0.010591
9.06,0.65906,-0.01298
9.07,0.65896,-0.016252
9.08,0.65887,-0.019213
9.09,0.65866,-0.021758
9.1,0.65838,-0.024407
9.11,0.65816,-0.02903
9.12,0.65802,-0.032821
9.13,0.65784,-0.035211
9.14,0.65741,-0.038795
9.15,0.65715,-0.040872
9.16,0.6569,-0.043625
9.17,0.65628,-0.046482
9.18,0.65591,-0.049442
9.19,0.65525,-0.052767
9.2,0.65469,-0.056922
9.21,0.65433,-0.059311
9.22,0.65412,-0.060714
9.23,0.65365,-0.063311
9.24,0.65339,-0.066219
9.25,0.65323,-0.068713
9.26,0.65271,-0.071465
9.27,0.65238,-0.073491
9.28,0.6518,-0.075309
9.29,0.6514,-0.078218
9.3,0.65079,-0.081282
9.31,0.65064,-0.0831
9.32,0.65062,-0.084607
9.33,0.65062,-0.087255
9.34,0.6506,-0.089333
9.35,0.6506,-0.090216
9.36,0.6506,-0.092086
9.37,0.6506,-0.095254
9.38,0.65057,-0.095826
9.39,0.65055,-0.096397
9.4,0.65053,-0.098942
9.41,0.6505,-0.10019
9.42,0.65048,-0.10086
9.43,0.65048,-0.10247
9.44,0.65048,-0.10299
9.45,0.65046,-0.10367
9.46,0.65041,-0.10538
9.47,0.6502,-0.10601
9.48,0.64999,-0.10627
9.49,0.6498,-0.10798
9.5,0.64966,-0.1073
9.51,0.64954,-0.10762
9.52,0.64938,-0.10907
9.53,0.64898,-0.1086
9.54,0.64872,-0.10803
9.55,0.64858,-0.10819
9.56,0.64827,-0.1085
9.57,0.64797,-0.10772
9.58,0.6478,-0.1071
9.59,0.64771,-0.10715
9.6,0.64761,-0.10751
9.61,0.64745,-0.10549
9.62,0.64719,-0.10569
9.63,0.64707,-0.10538
9.64,0.647,-0.1044
9.65,0.64695,-0.10289
9.66,0.64695,-0.10289
9.67,0.64695,-0.10221
9.68,0.64695,-0.099669
9.69,0.64695,-0.099358
9.7,0.64695,-0.097696
9.71,0.64695,-0.095202
9.72,0.64695,-0.094008
9.73,0.64695,-0.092657
9.74,0.64695,-0.090216
9.75,0.64695,-0.088866
9.76,0.64695,-0.0871
9.77,0.64695,-0.085022
9.78,0.64698,-0.082633
9.79,0.64698,-0.081023
9.8,0.64698,-0.078426
9.81,0.647,-0.075309
9.82,0.647,-0.072712
9.83,0.64703,-0.071777
9.84,0.64705,-0.068868
9.85,0.64707,-0.066271
9.86,0.64712,-0.065077
9.87,0.64714,-0.061545
9.88,0.64719,-0.057649
9.89,0.64731,-0.055312
9.9,0.6474,-0.052663
9.91,0.6475,-0.049183
9.92,0.64754,-0.047105
9.93,0.64759,-0.044404
9.94,0.64761,-0.039885
9.95,0.64764,-0.03786
9.96,0.64766,-0.035159
9.97,0.64768,-0.032094
9.98,0.64771,-0.03012
9.99,0.64775,-0.026588
10,0.6478,-0.022122
10.01,0.64787,-0.01859
10.02,0.64794,-0.01485
10.03,0.64801,-0.011006
10.04,0.64808,-0.0086169
10.05,0.64825,-0.0058121
10.06,0.64834,-0.0026957
10.07,0.64846,0.0016674
10.08,0.64855,0.0025504
10.09,0.64865,0.0077445
10.1,0.64879,0.011017
10.11,0.64905,0.013562
10.12,0.64949,0.01699
10.13,0.6497,0.020834
10.14,0.65022,0.024729
10.15,0.65055,0.028053
10.16,0.651,0.030079
10.17,0.65149,0.033559
10.18,0.65194,0.036831
10.19,0.65234,0.040779
10.2,0.65241,0.043584
10.21,0.65243,0.045713
10.22,0.65245,0.049453
10.23,0.65245,0.053349
10.24,0.6525,0.05527
10.25,0.65255,0.057504
10.26,0.65264,0.060516
10.27,0.65281,0.063165
10.28,0.65321,0.065659
10.29,0.65332,0.069398
10.3,0.65344,0.071891
10.31,0.65361,0.074696
10.32,0.65398,0.075579
10.33,0.65422,0.078332
10.34,0.65438,0.082176
10.35,0.65483,0.08389
10.36,0.65525,0.086383
10.37,0.65586,0.088045
10.38,0.6564,0.089499
10.39,0.65713,0.092097
10.4,0.65758,0.094382
10.41,0.65793,0.095421
10.42,0.65805,0.09755
10.43,0.65814,0.098589
10.44,0.65814,0.10087
10.45,0.65816,0.10087
10.46,0.65821,0.10269
10.47,0.65824,0.10342
10.48,0.65826,0.10524
10.49,0.65826,0.10555
10.5,0.65828,0.10633
10.51,0.65833,0.10789
10.52,0.65838,0.10778
10.53,0.65838,0.10841
10.54,0.65852,0.10867
10.55,0.65878,0.10908
10.56,0.65889,0.10924
10.57,0.65899,0.10913
10.58,0.6591,0.10887
10.59,0.65925,0.10882
10.6,0.65936,0.10908
10.61,0.65962,0.10773
10.62,0.65972,0.10804
10.63,0.65972,0.10648
10.64,0.65974,0.10612
10.65,0.65974,0.10467
10.66,0.65974,0.10467
10.67,0.65979,0.10295
10.68,0.65979,0.10176
10.69,0.65979,0.10082
10.7,0.65979,0.099212
10.71,0.65979,0.097706
10.72,0.65979,0.096927
10.73,0.65979,0.094694
10.74,0.65979,0.092408
10.75,0.65976,0.091629
10.76,0.65976,0.088772
10.77,0.65976,0.087422
10.78,0.65976,0.085292
10.79,0.65976,0.083007
10.8,0.65974,0.079838
10.81,0.65974,0.079111
10.82,0.65972,0.075631
10.83,0.65972,0.073865
10.84,0.65969,0.071268
10.85,0.65969,0.068048
10.86,0.65967,0.065243
10.87,0.65964,0.063165
10.88,0.65962,0.060205
10.89,0.65953,0.057192
10.9,0.65941,0.053868
10.91,0.65932,0.050855
10.92,0.65925,0.047427
10.93,0.6592,0.044259
10.94,0.65917,0.040831
10.95,0.6591,0.038701
10.96,0.65908,0.035065
10.97,0.65903,0.032936
10.98,0.65899,0.028261
10.99,0.65896,0.024677
11,0.65894,0.021872
11.01,0.65892,0.019171
11.02,0.65887,0.01512
11.03,0.65882,0.012159
11.04,0.65878,0.0095104
11.05,0.65866,0.0054071
11.06,0.65854,0.001979
11.07,0.65838,-0.00035833
11.08,0.65831,-0.0039942
11.09,0.65824,-0.0077339
11.1,0.65816,-0.011993
11.11,0.65809,-0.012876
11.12,0.65802,-0.0162
11.13,0.65793,-0.018953
11.14,0.65779,-0.022433
11.15,0.65753,-0.026588
11.16,0.65737,-0.029549
11.17,0.6572,-0.033756
11.18,0.65708,-0.03573
11.19,0.6569,-0.038691
11.2,0.65645,-0.041028
11.21,0.65619,-0.043313
11.22,0.65584,-0.046378
11.23,0.65532,-0.050014
11.24,0.65495,-0.052247
11.25,0.65433,-0.054585
11.26,0.65382,-0.058221
11.27,0.65344,-0.059987
11.28,0.6533,-0.06248
11.29,0.65307,-0.065077
11.3,0.65274,-0.06731
11.31,0.65255,-0.069751
11.32,0.65243,-0.072972
11.33,0.65229,-0.074945
11.34,0.65187,-0.077075
11.35,0.65154,-0.079776
11.36,0.65128,-0.080607
11.37,0.65064,-0.082633
11.38,0.65015,-0.08497
11.39,0.6497,-0.087152
11.4,0.64963,-0.088035
11.41,0.64963,-0.090839
11.42,0.64961,-0.091774
11.43,0.64961,-0.093904
11.44,0.64961,-0.09541
11.45,0.64961,-0.096813
11.46,0.64961,-0.096968
11.47,0.64959,-0.099617
11.48,0.64959,-0.099825
11.49,0.64956,-0.10014
11.5,0.64954,-0.10175
11.51,0.64952,-0.10216
11.52,0.64952,-0.10362
11.53,0.64952,-0.10284
11.54,0.64949,-0.1046
11.55,0.64947,-0.10538
11.56,0.6494,-0.10549
11.57,0.64923,-0.10564
11.58,0.64907,-0.10492
11.59,0.64898,-0.10637
11.6,0.64886,-0.10564
11.61,0.64879,-0.10658
11.62,0.64876,-0.10616
11.63,0.64874,-0.10559
11.64,0.64872,-0.10569
11.65,0.64872,-0.10476
11.66,0.64872,-0.10279
11.67,0.64872,-0.10356
11.68,0.64872,-0.10247
11.69,0.64872,-0.10112
11.7,0.64869,-0.1005
11.71,0.64869,-0.099098
11.72,0.64869,-0.098838
11.73,0.64869,-0.096968
11.74,0.64869,-0.096709
11.75,0.64869,-0.094579
11.76,0.64869,-0.092657
11.77,0.64869,-0.091878
11.78,0.64869,-0.090008
11.79,0.64869,-0.088138
11.8,0.64869,-0.086528
11.81,0.64869,-0.084347
11.82,0.64869,-0.081438
11.83,0.64869,-0.08014
11.84,0.64872,-0.078477
11.85,0.64872,-0.075828
11.86,0.64872,-0.073543
11.87,0.64872,-0.0724
11.88,0.64874,-0.069024
11.89,0.64874,-0.068037
11.9,0.64876,-0.064038
11.91,0.64879,-0.062272
11.92,0.64881,-0.058584
11.93,0.64886,-0.056299
11.94,0.64891,-0.053338
11.95,0.64895,-0.05152
11.96,0.649,-0.048404
11.97,0.64902,-0.045703
11.98,0.64907,-0.041703
11.99,0.64919,-0.039885
12,0.64928,-0.036146
12.01,0.64938,-0.03412
12.02,0.64947,-0.031627
12.03,0.64949,-0.027731
12.04,0.64954,-0.024771
12.05,0.64956,-0.02155
12.06,0.64959,-0.018642
12.07,0.64961,-0.014902
12.08,0.64966,-0.011474
12.09,0.6497,-0.0086169
12.1,0.64977,-0.0049291
12.11,0.64985,-0.0018646
12.12,0.64992,0.001096
12.13,0.65001,0.0024465
12.14,0.65032,0.0073809
12.15,0.65048,0.010705
12.16,0.65062,0.013354
12.17,0.65088,0.016315
12.18,0.65135,0.020989
12.19,0.65156,0.022911
12.2,0.6521,0.025924
12.21,0.65245,0.028625
12.22,0.65295,0.032313
12.23,0.65339,0.034858
12.24,0.65372,0.038078
12.25,0.6541,0.041194
12.26,0.65417,0.044467
12.27,0.65417,0.046492
12.28,0.65419,0.050544
12.29,0.65422,0.052466
12.3,0.65424,0.056101
12.31,0.65429,0.059374
12.32,0.65436,0.061711
12.33,0.6545,0.063685
12.34,0.65469,0.066542
12.35,0.65502,0.069554
12.36,0.65511,0.071424
12.37,0.65523,0.073346
12.38,0.65537,0.076047
12.39,0.65558,0.077813
12.4,0.65605,0.079838
12.41,0.65628,0.082539
12.42,0.65687,0.08363
12.43,0.65727,0.086071
12.44,0.658,0.088045
12.45,0.65868,0.090279
12.46,0.65906,0.091525
12.47,0.65925,0.092979
12.48,0.65939,0.094018
12.49,0.65953,0.095057
12.5,0.65953,0.097291
12.51,0.65953,0.098433
12.52,0.65953,0.1003
12.53,0.65953,0.1003
12.54,0.65953,0.10108
12.55,0.65953,0.10176
12.56,0.65953,0.10259
12.57,0.65953,0.10326
12.58,0.65953,0.10435
12.59,0.65953,0.10435
12.6,0.65953,0.10394
12.61,0.6596,0.10467
12.62,0.6596,0.10461
12.63,0.6596,0.10461
12.64,0.6596,0.10415
12.65,0.65964,0.10321
12.66,0.65964,0.10326
12.67,0.65964,0.1028
12.68,0.65964,0.10202
12.69,0.65964,0.10171
12.7,0.65964,0.1016
12.71,0.65964,0.10015
12.72,0.65964,0.098641
12.73,0.65964,0.097862
12.74,0.65964,0.096044
12.75,0.65964,0.095317
12.76,0.65964,0.094174
12.77,0.65964,0.091993
12.78,0.65964,0.091006
12.79,0.65964,0.088513
12.8,0.65964,0.087733
12.81,0.65964,0.084669
12.82,0.65964,0.083318
12.83,0.65962,0.081449
12.84,0.65962,0.079683
12.85,0.6596,0.076722
12.86,0.65957,0.075112
12.87,0.65953,0.072619
12.88,0.6595,0.069606
12.89,0.65948,0.067996
12.9,0.65941,0.065295
12.91,0.65939,0.061711
12.92,0.65932,0.060516
12.93,0.65929,0.057244
12.94,0.6592,0.052881
12.95,0.65917,0.051686
12.96,0.6591,0.04883
12.97,0.6591,0.045402
12.98,0.65908,0.043116
12.99,0.65903,0.038753
13,0.65901,0.036364
13.01,0.65899,0.033351
13.02,0.65896,0.029664
13.03,0.65894,0.028209
13.04,0.65889,0.023846
13.05,0.65885,0.021197
13.06,0.6588,0.01834
13.07,0.6587,0.014445
13.08,0.65861,0.012211
13.09,0.65847,0.0086274
13.1,0.65838,0.0050955
13.11,0.65831,0.0015635
13.12,0.65826,-0.0013972
13.13,0.65816,-0.0054485
13.14,0.65812,-0.0074223
13.15,0.65805,-0.010747
13.16,0.658,-0.014123
13.17,0.65793,-0.01672
13.18,0.65784,-0.018901
13.19,0.65765,-0.023005
13.2,0.65744,-0.024771
13.21,0.65732,-0.027835
13.22,0.6572,-0.031315
13.23,0.65708,-0.035159
13.24,0.65694,-0.038119
13.25,0.6565,-0.041184
13.26,0.65621,-0.043365
13.27,0.65588,-0.045339
13.28,0.65532,-0.047936
13.29,0.65487,-0.050325
13.3,0.65426,-0.05365
13.31,0.65361,-0.056091
13.32,0.6533,-0.058792
13.33,0.65297,-0.06061
13.34,0.65262,-0.062584
13.35,0.65245,-0.066375
13.36,0.65234,-0.069076
13.37,0.65208,-0.069959
13.38,0.65168,-0.072141
13.39,0.65147,-0.073491
13.4,0.65111,-0.075413
13.41,0.6506,-0.078581
13.42,0.6501,-0.079828
13.43,0.64968,-0.082789
13.44,0.64961,-0.08362
13.45,0.64961,-0.084762
13.46,0.64961,-0.085905
13.47,0.64961,-0.088087
13.48,0.64961,-0.089177
13.49,0.64961,-0.091463
13.5,0.64961,-0.091878
13.51,0.64959,-0.092969
13.52,0.64959,-0.09541
13.53,0.64956,-0.09567
13.54,0.64954,-0.097072
13.55,0.64954,-0.097903
13.56,0.64954,-0.098734
13.57,0.64954,-0.098215
13.58,0.64954,-0.099098
13.59,0.64952,-0.10029
13.6,0.64952,-0.10008
13.61,0.64952,-0.10107
13.62,0.64949,-0.10138
13.63,0.64949,-0.10144
13.64,0.64949,-0.10092
13.65,0.64949,-0.10159
13.66,0.64949,-0.1006
13.67,0.64947,-0.1006
13.68,0.64945,-0.10055
13.69,0.64942,-0.10076
13.7,0.64942,-0.099773
13.71,0.64942,-0.099046
13.72,0.6494,-0.098579
13.73,0.6494,-0.097332
13.74,0.6494,-0.096345
13.75,0.6494,-0.095202
13.76,0.6494,-0.095306
13.77,0.6494,-0.09354
13.78,0.6494,-0.092865
13.79,0.6494,-0.090684
13.8,0.6494,-0.089489
13.81,0.6494,-0.08819
13.82,0.6494,-0.087879
13.83,0.6494,-0.085438
13.84,0.6494,-0.083152
13.85,0.6494,-0.082581
13.86,0.6494,-0.079984
13.87,0.6494,-0.077335
13.88,0.64945,-0.076608
13.89,0.64945,-0.074894
13.9,0.64945,-0.071154
13.91,0.64945,-0.070011
13.92,0.64945,-0.067882
13.93,0.64945,-0.065908
13.94,0.64947,-0.063934
13.95,0.64949,-0.061441
13.96,0.64952,-0.058221
13.97,0.64954,-0.056143
13.98,0.64956,-0.053806
13.99,0.64959,-0.049806
14,0.64961,-0.047469
14.01,0.64963,-0.045339
14.02,0.64963,-0.042586
14.03,0.64968,-0.038275
14.04,0.6497,-0.036977
14.05,0.64975,-0.033341
14.06,0.64982,-0.030744
14.07,0.64987,-0.028718
14.08,0.64992,-0.026485
14.09,0.64996,-0.023057
14.1,0.65006,-0.019732
14.11,0.65013,-0.015006
14.12,0.65024,-0.012097
14.13,0.65034,-0.0090844
14.14,0.65041,-0.0064874
14.15,0.65046,-0.0033709
14.16,0.6505,-0.0012933
14.17,0.65055,0.0023426
14.18,0.6506,0.0053552
14.19,0.65074,0.0088352
14.2,0.65093,0.011069
14.21,0.65133,0.013562
14.22,0.65147,0.018133
14.23,0.6517,0.021301
14.24,0.6522,0.02421
14.25,0.65243,0.027534
14.26,0.65281,0.029767
14.27,0.65332,0.031378
14.28,0.65372,0.034234
14.29,0.65426,0.039221
14.3,0.65445,0.040831
14.31,0.65455,0.043428
14.32,0.65457,0.046752
14.33,0.65457,0.049505
14.34,0.65462,0.051894
14.35,0.65469,0.054128
14.36,0.65483,0.056881
14.37,0.65502,0.058543
14.38,0.65513,0.062438
14.39,0.65523,0.064828
14.4,0.65532,0.066594
14.41,0.65541,0.069294
14.42,0.65553,0.071684
14.43,0.65581,0.072982
14.44,0.65605,0.075112
14.45,0.65619,0.078384
14.46,0.65645,0.079683
14.47,0.65697,0.081189
14.48,0.65727,0.083422
14.49,0.65795,0.084409
14.5,0.65842,0.086539
14.51,0.65908,0.088305
14.52,0.65962,0.089655
14.53,0.65972,0.090798
14.54,0.65972,0.091733
14.55,0.65972,0.092979
14.56,0.65974,0.094122
14.57,0.65974,0.095628
14.58,0.65974,0.095992
14.59,0.65974,0.096771
14.6,0.65979,0.097862
14.61,0.65979,0.09807
14.62,0.65981,0.098433
14.63,0.65981,0.097654
14.64,0.65981,0.099057
14.65,0.65981,0.099212
14.66,0.65981,0.099576
14.67,0.65981,0.098745
14.68,0.65981,0.099628
14.69,0.65981,0.099109
14.7,0.65981,0.098485
14.71,0.65981,0.098329
14.72,0.65981,0.097602
14.73,0.65983,0.096979
14.74,0.65983,0.096096
14.75,0.65983,0.095836
14.76,0.65983,0.094434
14.77,0.65983,0.09407
14.78,0.65983,0.092148
14.79,0.65983,0.090486
14.8,0.65983,0.090642
14.81,0.65983,0.089344
14.82,0.65983,0.085292
14.83,0.65983,0.085656
14.84,0.65983,0.084201
14.85,0.65983,0.082643
14.86,0.65981,0.080254
14.87,0.65981,0.078592
14.88,0.65981,0.075995
14.89,0.65981,0.074177
14.9,0.65981,0.071684
14.91,0.65981,0.069554
14.92,0.65979,0.06758
14.93,0.65976,0.065866
14.94,0.65974,0.062906
14.95,0.65972,0.059893
14.96,0.65967,0.057867
14.97,0.65962,0.054699
14.98,0.65955,0.052518
14.99,0.65948,0.04992
15,0.65939,0.047583
15.01,0.65932,0.044311
15.02,0.65925,0.040831
15.03,0.6592,0.038182
15.04,0.65917,0.035689
15.05,0.6591,0.032157
15.06,0.6591,0.029508
15.07,0.65906,0.026443
15.08,0.65903,0.023742
15.09,0.65899,0.020886
15.1,0.65896,0.018029
15.11,0.65892,0.014289
15.12,0.65889,0.011588
15.13,0.65887,0.0086274
15.14,0.6588,0.005511
15.15,0.6587,0.0020309
15.16,0.65859,-0.00061804
15.17,0.65847,-0.0033709
15.18,0.65838,-0.007682
15.19,0.65826,-0.0092402
15.2,0.65821,-0.011214
15.21,0.65812,-0.013915
15.22,0.65805,-0.017135
15.23,0.658,-0.021135
15.24,0.65793,-0.024771
15.25,0.65784,-0.02851
15.26,0.65758,-0.030484
15.27,0.65737,-0.033549
15.28,0.6572,-0.035626
15.29,0.65706,-0.037964
15.3,0.65685,-0.040197
15.31,0.65643,-0.043054
15.32,0.65619,-0.045703
15.33,0.65584,-0.048456
15.34,0.65532,-0.05204
15.35,0.65492,-0.053338
15.36,0.65431,-0.055572
15.37,0.65382,-0.058584
15.38,0.65346,-0.061389
15.39,0.65332,-0.062739
15.4,0.65316,-0.064869
15.41,0.65281,-0.066687
15.42,0.65262,-0.069388
15.43,0.65245,-0.071985
15.44,0.65229,-0.073387
15.45,0.6518,-0.075465
15.46,0.65149,-0.077283
15.47,0.65102,-0.078789
15.48,0.6505,-0.080659
15.49,0.64992,-0.082581
15.5,0.64977,-0.083724
15.51,0.64977,-0.084918
15.52,0.64973,-0.086372
15.53,0.64975,-0.08819
15.54,0.64975,-0.090008
15.55,0.64975,-0.089956
15.56,0.64975,-0.091567
15.57,0.64975,-0.092657
15.58,0.6497,-0.094008
15.59,0.6497,-0.094423
15.6,0.64968,-0.096553
15.61,0.64966,-0.096189
15.62,0.64966,-0.096501
15.63,0.64966,-0.096085
15.64,0.64966,-0.097851
15.65,0.64966,-0.098007
15.66,0.64963,-0.098215
15.67,0.64963,-0.098319
15.68,0.64963,-0.098631
15.69,0.64963,-0.099254
15.7,0.64963,-0.09889
15.71,0.64963,-0.098163
15.72,0.64963,-0.098267
15.73,0.64963,-0.097644
15.74,0.64963,-0.097488
15.75,0.64963,-0.096968
15.76,0.64963,-0.09567
15.77,0.64963,-0.095254
15.78,0.64963,-0.094319
15.79,0.64963,-0.093488
15.8,0.64963,-0.092553
15.81,0.64963,-0.090995
15.82,0.64963,-0.089801
15.83,0.64963,-0.089281
15.84,0.64963,-0.087723
15.85,0.64963,-0.08684
15.86,0.64963,-0.085853
15.87,0.64963,-0.08336
15.88,0.64963,-0.081906
15.89,0.64963,-0.07988
15.9,0.64963,-0.077802
15.91,0.64963,-0.076763
15.92,0.64963,-0.075257
15.93,0.64963,-0.073699
15.94,0.64963,-0.071621
15.95,0.64966,-0.068868
15.96,0.64966,-0.067414
15.97,0.64966,-0.064661
15.98,0.64968,-0.061701
15.99,0.6497,-0.060038
16,0.64973,-0.057078
16.01,0.64975,-0.054844
16.02,0.64977,-0.053338
16.03,0.64982,-0.050741
16.04,0.64987,-0.047053
16.05,0.64989,-0.045028
16.06,0.64994,-0.042898
16.07,0.64996,-0.040197
16.08,0.65001,-0.037288
16.09,0.65013,-0.034016
16.1,0.65024,-0.030796
16.11,0.65034,-0.028822
16.12,0.65039,-0.026485
16.13,0.65043,-0.023368
16.14,0.65046,-0.020096
16.15,0.65048,-0.016824
16.16,0.6505,-0.013551
16.17,0.65053,-0.010902
16.18,0.65057,-0.0080456
16.19,0.65062,-0.0051369
16.2,0.65069,-0.0021243
16.21,0.65076,0.00073243
16.22,0.65083,0.0027581
16.23,0.65095,0.0064979
16.24,0.65123,0.010134
16.25,0.6514,0.012315
16.26,0.65151,0.015328
16.27,0.6517,0.020003
16.28,0.6521,0.023015
16.29,0.65238,0.024314
16.3,0.65267,0.026443
16.31,0.65323,0.028677
16.32,0.65351,0.033092
16.33,0.65415,0.035741
16.34,0.65445,0.038961
16.35,0.65487,0.040779
16.36,0.65509,0.043168
16.37,0.65511,0.047012
16.38,0.65511,0.048622
16.39,0.65513,0.050544
16.4,0.65516,0.054595
16.41,0.65518,0.056725
16.42,0.65523,0.058958
16.43,0.65532,0.061815
16.44,0.65544,0.063945
16.45,0.65558,0.066022
16.46,0.65577,0.067736
16.47,0.65593,0.071008
16.48,0.65603,0.072411
16.49,0.65612,0.074385
16.5,0.65621,0.076514
16.51,0.65643,0.078696
16.52,0.6569,0.079994
16.53,0.65713,0.08202
16.54,0.65758,0.084305
16.55,0.65809,0.08524
16.56,0.6588,0.086279
16.57,0.65925,0.087682
16.58,0.65981,0.089655
16.59,0.65986,0.090382
16.6,0.65986,0.091473
16.61,0.65986,0.092148
16.62,0.65986,0.093135
16.63,0.65986,0.094434
16.64,0.65986,0.094278
16.65,0.65986,0.095784
16.66,0.65988,0.096044
16.67,0.65988,0.09594
16.68,0.65988,0.097706
16.69,0.65988,0.096719
16.7,0.65988,0.097187
16.71,0.65988,0.097291
16.72,0.65988,0.096719
16.73,0.65988,0.097914
16.74,0.65988,0.096096
16.75,0.65988,0.097291
16.76,0.65988,0.095992
16.77,0.65988,0.095317
16.78,0.65988,0.093966
16.79,0.65988,0.095109
16.8,0.65988,0.093187
16.81,0.65988,0.091941
16.82,0.65988,0.091525
16.83,0.65988,0.090642
16.84,0.65988,0.088513
16.85,0.65988,0.087318
16.86,0.65988,0.086331
16.87,0.65988,0.084409
16.88,0.65988,0.08202
16.89,0.65988,0.080773
16.9,0.65988,0.079007
16.91,0.65988,0.077709
16.92,0.65988,0.076826
16.93,0.65988,0.0748
16.94,0.65988,0.072255
16.95,0.65988,0.069606
16.96,0.65988,0.068567
16.97,0.65986,0.066126
16.98,0.65983,0.063789
16.99,0.65981,0.061503
17,0.65981,0.058335
17.01,0.65979,0.056101
17.02,0.65976,0.053868
17.03,0.65972,0.05044
17.04,0.65969,0.047583
17.05,0.65962,0.046181
17.06,0.65955,0.042233
17.07,0.65946,0.039584
17.08,0.65936,0.037247
17.09,0.65929,0.035169
17.1,0.6592,0.031533
17.11,0.65913,0.029248
17.12,0.65913,0.025404
17.13,0.65908,0.022755
17.14,0.65903,0.019847
17.15,0.65901,0.017354
17.16,0.65899,0.013562
17.17,0.65896,0.0119
17.18,0.65894,0.0080561
17.19,0.65892,0.0050435
17.2,0.65887,0.0018232
17.21,0.6588,-0.0005661
17.22,0.65873,-0.0043058
17.23,0.65861,-0.0071107
17.24,0.65847,-0.0099674
17.25,0.65835,-0.012305
17.26,0.65826,-0.0162
17.27,0.65816,-0.018174
17.28,0.65809,-0.019473
17.29,0.65802,-0.022745
17.3,0.65798,-0.025654
17.31,0.65786,-0.028718
17.32,0.6576,-0.031783
17.33,0.65737,-0.034535
17.34,0.6572,-0.037704
17.35,0.65706,-0.039366
17.36,0.65675,-0.042275
17.37,0.65638,-0.044664
17.38,0.65614,-0.046794
17.39,0.65579,-0.049391
17.4,0.65534,-0.052403
17.41,0.65502,-0.053494
17.42,0.65436,-0.055623
17.43,0.65398,-0.058221
17.44,0.65356,-0.060818
17.45,0.65337,-0.063155
17.46,0.65323,-0.065856
17.47,0.65299,-0.067362
17.48,0.65271,-0.069284
17.49,0.6525,-0.070686
17.5,0.65236,-0.072141
17.51,0.65201,-0.073855
17.52,0.65158,-0.075361
17.53,0.65128,-0.078114
17.54,0.65062,-0.07988
17.55,0.65036,-0.080399
17.56,0.65013,-0.082061
17.57,0.65013,-0.083931
17.58,0.65013,-0.08497
17.59,0.65013,-0.086269
17.6,0.65013,-0.087931
17.61,0.65013,-0.088242
17.62,0.65013,-0.089541
17.63,0.65013,-0.09058
17.64,0.65013,-0.090995
17.65,0.6501,-0.09193
17.66,0.65008,-0.093748
17.67,0.65006,-0.092709
17.68,0.65006,-0.093488
17.69,0.65003,-0.094371
17.7,0.65003,-0.094112
17.71,0.65003,-0.094995
17.72,0.64999,-0.095202
17.73,0.64999,-0.095514
17.74,0.64999,-0.094631
17.75,0.64999,-0.094216
17.76,0.64999,-0.094839
17.77,0.64999,-0.093956
17.78,0.64999,-0.09406
17.79,0.64999,-0.093904
17.8,0.64999,-0.092398
17.81,0.64999,-0.091359
17.82,0.64999,-0.091826
17.83,0.64999,-0.090164
17.84,0.64999,-0.090736
17.85,0.64999,-0.088346
17.86,0.64999,-0.088087
17.87,0.64999,-0.087515
17.88,0.64999,-0.086632
17.89,0.64999,-0.085022
17.9,0.64999,-0.0831
17.91,0.64999,-0.081542
17.92,0.64999,-0.080971
17.93,0.64999,-0.078633
17.94,0.64999,-0.076763
17.95,0.64999,-0.076504
17.96,0.65001,-0.073647
17.97,0.65001,-0.072816
17.98,0.65001,-0.070323
17.99,0.65001,-0.068193
18,0.65003,-0.065804
18.01,0.65008,-0.065648
18.02,0.65008,-0.062012
18.03,0.65008,-0.059831
18.04,0.65015,-0.057234
18.05,0.65022,-0.055416
18.06,0.65022,-0.052663
18.07,0.65032,-0.050429
18.08,0.65034,-0.04856
18.09,0.65041,-0.045599
18.1,0.65043,-0.043417
18.11,0.65048,-0.04108
18.12,0.6505,-0.038379
18.13,0.65053,-0.035211
18.14,0.65055,-0.033393
18.15,0.65057,-0.030224
18.16,0.65057,-0.027368
18.17,0.65062,-0.025706
18.18,0.65064,-0.023264
18.19,0.65067,-0.020044
18.2,0.65071,-0.016616
18.21,0.65076,-0.013967
18.22,0.65083,-0.011162
18.23,0.6509,-0.0072665
18.24,0.651,-0.0039942
18.25,0.65109,-0.0016569
18.26,0.65128,0.0013038
18.27,0.65135,0.0027062
18.28,0.65142,0.0050435
18.29,0.65151,0.0095624
18.3,0.65165,0.011536
18.31,0.65189,0.014289
18.32,0.65227,0.016522
18.33,0.65243,0.019431
18.34,0.65267,0.023431
18.35,0.65314,0.026391
18.36,0.65337,0.02904
18.37,0.65368,0.031378
18.38,0.65424,0.033196
18.39,0.65457,0.03652
18.4,0.65509,0.039065
18.41,0.65525,0.041506
18.42,0.6553,0.042701
18.43,0.65532,0.046388
18.44,0.65534,0.049557
18.45,0.65539,0.052518
18.46,0.65544,0.054335
18.47,0.65551,0.056153
18.48,0.65565,0.057608
18.49,0.65593,0.061555
18.5,0.65605,0.06249
18.51,0.65612,0.064152
18.52,0.65614,0.066542
18.53,0.65621,0.067892
18.54,0.65628,0.070177
18.55,0.65638,0.07293
18.56,0.65654,0.074437
18.57,0.65692,0.07532
18.58,0.65711,0.077813
18.59,0.65734,0.079059
18.6,0.65791,0.079838
18.61,0.65819,0.08202
18.62,0.65887,0.082591
18.63,0.65922,0.08363
18.64,0.65981,0.0855
18.65,0.6599,0.086331
18.66,0.6599,0.086954
18.67,0.6599,0.087682
18.68,0.6599,0.089448
18.69,0.6599,0.089396
18.7,0.6599,0.090071
18.71,0.6599,0.090486
18.72,0.6599,0.089967
18.73,0.6599,0.091058
18.74,0.6599,0.091006
18.75,0.6599,0.090954
18.76,0.6599,0.091317
18.77,0.6599,0.092512
18.78,0.6599,0.091733
18.79,0.6599,0.091317
18.8,0.6599,0.091577
18.81,0.6599,0.090486
18.82,0.6599,0.089396
18.83,0.6599,0.089603
18.84,0.6599,0.086799
18.85,0.6599,0.087006
18.86,0.6599,0.086487
18.87,0.6599,0.085656
18.88,0.6599,0.083942
18.89,0.6599,0.082539
18.9,0.6599,0.081916
18.91,0.6599,0.081189
18.92,0.6599,0.078955
18.93,0.6599,0.077501
18.94,0.6599,0.076358
18.95,0.6599,0.07454
18.96,0.6599,0.072411
18.97,0.6599,0.071788
18.98,0.65988,0.068827
18.99,0.65988,0.067165
19,0.65986,0.065918
19.01,0.65986,0.063425
19.02,0.65986,0.061192
19.03,0.65983,0.05901
19.04,0.65981,0.056621
19.05,0.65979,0.054232
19.06,0.65972,0.051323
19.07,0.6596,0.04883
19.08,0.6595,0.046648
19.09,0.65946,0.043791
19.1,0.65941,0.041246
19.11,0.65939,0.039792
19.12,0.65936,0.036364
19.13,0.65932,0.033715
19.14,0.65925,0.031741
19.15,0.6592,0.028001
19.16,0.65915,0.025664
19.17,0.6591,0.022859
19.18,0.65908,0.020054
19.19,0.65908,0.01725
19.2,0.65906,0.015068
19.21,0.65901,0.011692
19.22,0.65899,0.0098221
19.23,0.65896,0.0066018
19.24,0.65892,0.0029139
19.25,0.65887,-4.6687e-05
19.26,0.65882,-0.0032151
19.27,0.6587,-0.0055005
19.28,0.65859,-0.0083053
19.29,0.65845,-0.011474
19.3,0.65831,-0.014227
19.31,0.65824,-0.015785
19.32,0.65816,-0.01781
19.33,0.65809,-0.020875
19.34,0.65805,-0.02316
19.35,0.65802,-0.026017
19.36,0.65798,-0.029653
19.37,0.65788,-0.032094
19.38,0.65765,-0.035782
19.39,0.65741,-0.036925
19.4,0.6572,-0.03973
19.41,0.65704,-0.041963
19.42,0.65666,-0.043573
19.43,0.65631,-0.045651
19.44,0.6561,-0.048611
19.45,0.6556,-0.051416
19.46,0.65523,-0.053234
19.47,0.65462,-0.055468
19.48,0.65422,-0.058376
19.49,0.65372,-0.059155
19.5,0.65346,-0.062324
19.51,0.65332,-0.06357
19.52,0.65321,-0.065544
19.53,0.65302,-0.066739
19.54,0.65274,-0.069492
19.55,0.65259,-0.071933
19.56,0.65245,-0.073231
19.57,0.65231,-0.073751
19.58,0.65187,-0.075621
19.59,0.65154,-0.076711
19.6,0.65123,-0.078062
19.61,0.65064,-0.080192
19.62,0.65043,-0.080711
19.63,0.65039,-0.082477
19.64,0.65039,-0.08336
19.65,0.65039,-0.084866
19.66,0.65039,-0.084399
19.67,0.65039,-0.085853
19.68,0.65039,-0.0871
19.69,0.65039,-0.08819
19.7,0.65039,-0.087723
19.71,0.65036,-0.089593
19.72,0.65036,-0.090684
19.73,0.65034,-0.089956
19.74,0.65034,-0.090216
19.75,0.65032,-0.091047
19.76,0.65032,-0.091255
19.77,0.65032,-0.09219
19.78,0.65032,-0.090528
19.79,0.65032,-0.091203
19.8,0.65032,-0.090839
19.81,0.65032,-0.090736
19.82,0.65032,-0.090216
19.83,0.65032,-0.089645
19.84,0.65032,-0.089489
19.85,0.65032,-0.08819
19.86,0.65032,-0.087827
19.87,0.65032,-0.087931
19.88,0.65032,-0.087307
19.89,0.65032,-0.086009
19.9,0.65032,-0.084503
19.91,0.65032,-0.083724
19.92,0.65032,-0.082217
19.93,0.65032,-0.081542
19.94,0.65032,-0.080763
19.95,0.65032,-0.079153
19.96,0.65032,-0.07775
19.97,0.65032,-0.075828
19.98,0.65032,-0.074218
19.99,0.65032,-0.072504
20,0.65032,-0.071517
20.01,0.65032,-0.069699
20.02,0.65032,-0.067518
20.03,0.65032,-0.066064
20.04,0.65034,-0.064453
20.05,0.65034,-0.062376
20.06,0.65034,-0.060662
20.07,0.65039,-0.05848
20.08,0.65039,-0.055987
20.09,0.65041,-0.054325
20.1,0.65043,-0.051572
20.11,0.65043,-0.048715
20.12,0.65046,-0.046845
20.13,0.65048,-0.045339
20.14,0.6505,-0.041911
20.15,0.65053,-0.040509
20.16,0.65055,-0.038483
20.17,0.65057,-0.035418
20.18,0.6506,-0.033081
20.19,0.65064,-0.03064
20.2,0.65064,-0.027783
20.21,0.65067,-0.025342
20.22,0.65069,-0.022018
20.23,0.65074,-0.018797
20.24,0.65079,-0.016044
20.25,0.65083,-0.013915
20.26,0.65093,-0.01137
20.27,0.65107,-0.0075262
20.28,0.65116,-0.0065393
20.29,0.65126,-0.0037864
20.3,0.65133,0.00010914
20.31,0.65137,0.0025504
20.32,0.65142,0.0049916
20.33,0.65149,0.0074328
20.34,0.65158,0.010965
20.35,0.65175,0.013198
20.36,0.6521,0.016471
20.37,0.65231,0.018964
20.38,0.65248,0.020834
20.39,0.65269,0.023742
20.4,0.65314,0.026807
20.41,0.65337,0.028521
20.42,0.65368,0.031689
20.43,0.65422,0.034338
20.44,0.65459,0.036987
20.45,0.65513,0.039896
20.46,0.65532,0.042181
20.47,0.65541,0.044934
20.48,0.65544,0.046337
20.49,0.65544,0.048258
20.5,0.65546,0.052154
20.51,0.65551,0.053868
20.52,0.65558,0.055634
20.53,0.65577,0.058023
20.54,0.65591,0.05901
20.55,0.65603,0.062127
20.56,0.6561,0.063529
20.57,0.65612,0.065866
20.58,0.65614,0.067528
20.59,0.65619,0.069762
20.6,0.65628,0.071528
20.61,0.65643,0.073398
20.62,0.65671,0.074904
20.63,0.65701,0.07667
20.64,0.6572,0.077501
20.65,0.65762,0.077449
20.66,0.65802,0.080929
20.67,0.6584,0.081345
20.68,0.65896,0.081968
20.69,0.65932,0.083786
20.7,0.65979,0.084669
20.71,0.65983,0.085812
20.72,0.65983,0.08524
20.73,0.65983,0.086383
20.74,0.65983,0.087578
20.75,0.65983,0.086954
20.76,0.65983,0.088305
20.77,0.65983,0.088149
20.78,0.65983,0.089032
20.79,0.65986,0.088772
20.8,0.65986,0.088045
20.81,0.65986,0.088045
20.82,0.65986,0.087837
20.83,0.65986,0.088357
20.84,0.65986,0.087837
20.85,0.65986,0.087162
20.86,0.65986,0.08685
20.87,0.65986,0.086902
20.88,0.65986,0.085136
20.89,0.65986,0.084461
20.9,0.65986,0.083942
20.91,0.65986,0.083059
20.92,0.65986,0.08228
20.93,0.65986,0.080618
20.94,0.65986,0.079423
20.95,0.65986,0.078332
20.96,0.65983,0.077605
20.97,0.65983,0.076618
20.98,0.65983,0.073865
20.99,0.65983,0.07319
21,0.65983,0.07106
21.01,0.65983,0.069554
21.02,0.65983,0.068152
21.03,0.65981,0.06623
21.04,0.65981,0.063633
21.05,0.65981,0.062646
21.06,0.65979,0.060516
21.07,0.65979,0.056621
21.08,0.65976,0.055426
21.09,0.65976,0.053297
21.1,0.65974,0.051427
21.11,0.65969,0.04831
21.12,0.65962,0.04644
21.13,0.65955,0.04374
21.14,0.65948,0.041039
21.15,0.65941,0.03974
21.16,0.65939,0.036987
21.17,0.65932,0.033144
21.18,0.65925,0.031274
21.19,0.6592,0.028365
21.2,0.65913,0.025404
21.21,0.65908,0.023638
21.22,0.65906,0.020782
21.23,0.65901,0.018237
21.24,0.65899,0.014756
21.25,0.65896,0.012523
21.26,0.65894,0.0095104
21.27,0.65892,0.007225
21.28,0.65889,0.0045241
21.29,0.65882,0.00068049
21.3,0.65875,-0.0018646
21.31,0.65866,-0.0048253
21.32,0.65856,-0.0069029
21.33,0.65845,-0.010331
21.34,0.65838,-0.011266
21.35,0.65831,-0.013655
21.36,0.65826,-0.016252
21.37,0.65816,-0.018797
21.38,0.65812,-0.021083
21.39,0.65807,-0.025654
21.4,0.65802,-0.027939
21.41,0.65798,-0.029393
21.42,0.65791,-0.032458
21.43,0.65774,-0.034432
21.44,0.65748,-0.036873
21.45,0.65729,-0.038119
21.46,0.65713,-0.041392
21.47,0.65701,-0.043729
21.48,0.65675,-0.046586
21.49,0.65643,-0.048248
21.5,0.65619,-0.050481
21.51,0.65588,-0.05204
21.52,0.65532,-0.054948
21.53,0.65476,-0.057805
21.54,0.65422,-0.058532
21.55,0.65356,-0.059935
21.56,0.65332,-0.06222
21.57,0.65295,-0.064661
21.58,0.65255,-0.066531
21.59,0.65241,-0.06757
21.6,0.65222,-0.068401
21.61,0.65173,-0.07079
21.62,0.65151,-0.07266
21.63,0.65128,-0.073387
21.64,0.65074,-0.075621
21.65,0.6506,-0.076971
21.66,0.65057,-0.078477
21.67,0.65057,-0.078997
21.68,0.65057,-0.080451
21.69,0.65055,-0.081594
21.7,0.65055,-0.082165
21.71,0.65055,-0.083879
21.72,0.65055,-0.084191
21.73,0.65053,-0.08523
21.74,0.65053,-0.084918
21.75,0.65053,-0.085645
21.76,0.6505,-0.086424
21.77,0.6505,-0.087567
21.78,0.6505,-0.087152
21.79,0.6505,-0.087775
21.8,0.6505,-0.087619
21.81,0.65048,-0.087827
21.82,0.65048,-0.088762
21.83,0.65048,-0.088138
21.84,0.65048,-0.087879
21.85,0.65048,-0.088346
21.86,0.65048,-0.087567
21.87,0.65048,-0.08819
21.88,0.65048,-0.088242
21.89,0.65048,-0.087463
21.9,0.65048,-0.086684
21.91,0.65048,-0.085801
21.92,0.65048,-0.08523
21.93,0.65048,-0.083672
21.94,0.65048,-0.083516
21.95,0.65048,-0.081594
21.96,0.65048,-0.081023
21.97,0.65048,-0.08014
21.98,0.65048,-0.078374
21.99,0.65048,-0.078997
22,0.65048,-0.076815
22.01,0.65048,-0.075465
22.02,0.65048,-0.074011
22.03,0.65048,-0.072816
22.04,0.65048,-0.070842
22.05,0.65048,-0.069959
22.06,0.65048,-0.067674
22.07,0.65048,-0.065388
22.08,0.65048,-0.065129
22.09,0.65048,-0.061545
22.1,0.65048,-0.06061
22.11,0.65048,-0.058844
22.12,0.6505,-0.055572
22.13,0.6505,-0.053961
22.14,0.6505,-0.053026
22.15,0.65053,-0.049962
22.16,0.65053,-0.046897
22.17,0.65055,-0.045131
22.18,0.65057,-0.043469
22.19,0.6506,-0.040457
22.2,0.65062,-0.038483
22.21,0.65064,-0.035626
22.22,0.65067,-0.033704
22.23,0.65069,-0.03251
22.24,0.65074,-0.029861
22.25,0.65079,-0.026796
22.26,0.65083,-0.024459
22.27,0.65088,-0.021706
22.28,0.65093,-0.019213
22.29,0.65104,-0.015161
22.3,0.65116,-0.013967
22.31,0.65121,-0.01111
22.32,0.65128,-0.0080456
22.33,0.65135,-0.0052408
22.34,0.65137,-0.0026437
22.35,0.65142,-0.00035833
22.36,0.65144,0.0023945
22.37,0.65149,0.0060304
22.38,0.65154,0.0075367
22.39,0.65168,0.0091988
22.4,0.65187,0.010913
22.41,0.65227,0.014808
22.42,0.65241,0.018185
22.43,0.65262,0.019483
22.44,0.65314,0.022859
22.45,0.65335,0.025404
22.46,0.65365,0.027846
22.47,0.65419,0.030183
22.48,0.6545,0.032884
22.49,0.65509,0.035273
22.5,0.65527,0.036831
22.51,0.65537,0.039636
22.52,0.65539,0.041974
22.53,0.65541,0.044882
22.54,0.65544,0.046804
22.55,0.65546,0.049193
22.56,0.65551,0.051063
22.57,0.65558,0.05392
22.58,0.65577,0.054855
22.59,0.65603,0.057296
22.6,0.6561,0.058179
22.61,0.65617,0.060464
22.62,0.65621,0.063062
22.63,0.65626,0.065295
22.64,0.65631,0.067113
22.65,0.65638,0.068879
22.66,0.6565,0.069346
22.67,0.65671,0.070801
22.68,0.65697,0.07345
22.69,0.65711,0.0748
22.7,0.65732,0.075891
22.71,0.65784,0.077034
22.72,0.65809,0.077917
22.73,0.65847,0.078436
22.74,0.65899,0.080462
22.75,0.65932,0.081293
22.76,0.65979,0.082072
22.77,0.65981,0.083474
22.78,0.65981,0.083215
22.79,0.65981,0.084305
22.8,0.65981,0.084046
22.81,0.65981,0.085033
22.82,0.65981,0.084253
22.83,0.65981,0.085033
22.84,0.65981,0.085812
22.85,0.65981,0.085188
22.86,0.65981,0.085033
22.87,0.65981,0.085188
22.88,0.65981,0.085084
22.89,0.65981,0.085344
22.9,0.65981,0.084617
22.91,0.65981,0.084253
22.92,0.65981,0.083318
22.93,0.65981,0.08176
22.94,0.65981,0.08176
22.95,0.65981,0.081449
22.96,0.65981,0.079683
22.97,0.65981,0.079319
22.98,0.65981,0.078592
22.99,0.65981,0.07641
23,0.65981,0.076358
23.01,0.65981,0.074437
23.02,0.65981,0.072826
23.03,0.65981,0.071943
23.04,0.65981,0.070437
23.05,0.65981,0.067788
23.06,0.65981,0.066905
23.07,0.65981,0.064828
23.08,0.65981,0.062802
23.09,0.65979,0.06088
23.1,0.65979,0.059841
23.11,0.65974,0.058491
23.12,0.65972,0.055582
23.13,0.65969,0.053297
23.14,0.65967,0.051323
23.15,0.65964,0.049661
23.16,0.65957,0.04696
23.17,0.65948,0.044467
23.18,0.65939,0.042701
23.19,0.65932,0.039636
23.2,0.65929,0.037559
23.21,0.65925,0.034546
23.22,0.65925,0.032988
23.23,0.6592,0.030391
23.24,0.6592,0.027586
23.25,0.65915,0.025612
23.26,0.6591,0.023015
23.27,0.65908,0.019587
23.28,0.65903,0.017146
23.29,0.65901,0.01486
23.3,0.65899,0.012107
23.31,0.65896,0.0088872
23.32,0.65894,0.007225
23.33,0.65894,0.0041605
23.34,0.65889,0.0016674
23.35,0.65885,-0.0011894
23.36,0.65878,-0.003319
23.37,0.65866,-0.0069548
23.38,0.65852,-0.0090844
23.39,0.65838,-0.011214
23.4,0.65831,-0.01485
23.41,0.65824,-0.016979
23.42,0.65816,-0.01807
23.43,0.65812,-0.020615
23.44,0.65809,-0.023264
23.45,0.65805,-0.025238
23.46,0.658,-0.027731
23.47,0.65793,-0.030224
23.48,0.65774,-0.033652
23.49,0.65748,-0.035315
23.5,0.65729,-0.038535
23.51,0.65718,-0.04108
23.52,0.65706,-0.042638
23.53,0.65692,-0.043937
23.54,0.65654,-0.045703
23.55,0.65628,-0.048248
23.56,0.65607,-0.050377
23.57,0.65556,-0.052351
23.58,0.65518,-0.05339
23.59,0.6545,-0.054844
23.6,0.65417,-0.058428
23.61,0.65372,-0.059311
23.62,0.65346,-0.061908
23.63,0.65335,-0.063207
23.64,0.65328,-0.064921
23.65,0.65316,-0.065336
23.66,0.65288,-0.067362
23.67,0.65267,-0.070011
23.68,0.65252,-0.070323
23.69,0.65238,-0.071777
23.7,0.65217,-0.073491
23.71,0.65173,-0.074634
23.72,0.65144,-0.075413
23.73,0.65095,-0.076504
23.74,0.65057,-0.078685
23.75,0.65048,-0.077439
23.76,0.65048,-0.078945
23.77,0.65048,-0.080088
23.78,0.65048,-0.081178
23.79,0.65048,-0.081438
23.8,0.65048,-0.083464
23.81,0.65048,-0.081854
23.82,0.65048,-0.082944
23.83,0.65048,-0.083412
23.84,0.65048,-0.08362
23.85,0.65048,-0.084451
23.86,0.65048,-0.083724
23.87,0.65048,-0.084347
23.88,0.65048,-0.083983
23.89,0.65048,-0.084866
23.9,0.65048,-0.085282
23.91,0.65048,-0.083775
23.92,0.65048,-0.084191
23.93,0.65048,-0.082841
23.94,0.65048,-0.082217
23.95,0.65048,-0.082841
23.96,0.65048,-0.081126
23.97,0.65048,-0.080971
23.98,0.65048,-0.079984
23.99,0.65048,-0.078997
24,0.65048,-0.079205
24.01,0.65048,-0.077231
24.02,0.65048,-0.07666
24.03,0.65048,-0.075049
24.04,0.65048,-0.074426
24.05,0.65048,-0.072764
24.06,0.65048,-0.071465
24.07,0.65048,-0.069803
24.08,0.65048,-0.069284
24.09,0.65048,-0.067674
24.1,0.65048,-0.066583
24.11,0.65048,-0.06383
24.12,0.65048,-0.063155
24.13,0.65048,-0.060298
24.14,0.6505,-0.058013
24.15,0.6505,-0.057234
24.16,0.6505,-0.055987
24.17,0.6505,-0.053182
24.18,0.65053,-0.051053
24.19,0.65053,-0.049027
24.2,0.65055,-0.046845
24.21,0.65057,-0.044612
24.22,0.6506,-0.042898
24.23,0.65062,-0.040872
24.24,0.65064,-0.037652
24.25,0.65067,-0.036094
24.26,0.65069,-0.034535
24.27,0.65071,-0.031367
24.28,0.65076,-0.029497
24.29,0.65079,-0.027575
24.3,0.65081,-0.024407
24.31,0.65086,-0.022277
24.32,0.6509,-0.020771
24.33,0.65093,-0.016512
24.34,0.65102,-0.015058
24.35,0.65116,-0.011318
24.36,0.65126,-0.0098635
24.37,0.65135,-0.0063315
24.38,0.65137,-0.0047214
24.39,0.6514,-0.003319
24.4,0.65144,0.00010914
24.41,0.65147,0.0018232
24.42,0.65154,0.0053552
24.43,0.65165,0.0082639
24.44,0.6518,0.010705
24.45,0.6521,0.012056
24.46,0.65229,0.015432
24.47,0.65241,0.017302
24.48,0.65252,0.019795
24.49,0.65269,0.021457
24.5,0.65304,0.025404
24.51,0.65328,0.026028
24.52,0.65344,0.029871
24.53,0.65377,0.031897
24.54,0.65426,0.03465
24.55,0.65466,0.036312
24.56,0.6552,0.038701
24.57,0.65544,0.040987
24.58,0.65563,0.04322
24.59,0.65577,0.044571
24.6,0.65586,0.046388
24.61,0.65586,0.048882
24.62,0.65591,0.051219
24.63,0.65596,0.053089
24.64,0.65603,0.054855
24.65,0.65603,0.057296
24.66,0.65607,0.058387
24.67,0.6561,0.060361
24.68,0.65612,0.061763
24.69,0.65614,0.063373
24.7,0.65617,0.065191
24.71,0.65619,0.066334
24.72,0.65626,0.067684
24.73,0.65638,0.068619
24.74,0.65654,0.070333
24.75,0.6569,0.072826
24.76,0.65708,0.073657
24.77,0.65729,0.074125
24.78,0.65784,0.075164
24.79,0.65809,0.076151
24.8,0.65859,0.076151
24.81,0.65903,0.077709
24.82,0.65939,0.077657
24.83,0.65974,0.078592
24.84,0.65979,0.078852
24.85,0.65979,0.079215
24.86,0.65979,0.079631
24.87,0.65979,0.079735
24.88,0.65979,0.080098
24.89,0.65979,0.080514
24.9,0.65979,0.080098
24.91,0.65979,0.079423
24.92,0.65979,0.079994
24.93,0.65979,0.079942
24.94,0.65979,0.079111
24.95,0.65979,0.078592
24.96,0.65979,0.078644
24.97,0.65979,0.078488
24.98,0.65979,0.077501
24.99,0.65979,0.076618
25,0.65979,0.075787
25.01,0.65979,0.074177
25.02,0.65979,0.073813
25.03,0.65979,0.073086
25.04,0.65979,0.071943
25.05,0.65979,0.071788
25.06,0.65979,0.069139
25.07,0.65979,0.068152
25.08,0.65976,0.066645
25.09,0.65976,0.065139
25.1,0.65976,0.063633
25.11,0.65976,0.061971
25.12,0.65976,0.060516
25.13,0.65976,0.05714
25.14,0.65974,0.056673
25.15,0.65974,0.055582
25.16,0.65972,0.052414
25.17,0.65967,0.050959
25.18,0.65962,0.049557
25.19,0.6596,0.0467
25.2,0.65955,0.045246
25.21,0.65953,0.042908
25.22,0.65946,0.041246
25.23,0.65939,0.038026
25.24,0.65932,0.036727
25.25,0.65925,0.033611
25.26,0.6592,0.030339
25.27,0.6592,0.029612
25.28,0.65917,0.026287
25.29,0.65915,0.023742
25.3,0.6591,0.022132
25.31,0.65908,0.018029
25.32,0.65906,0.016886
25.33,0.65903,0.013873
25.34,0.65899,0.011744
25.35,0.65899,0.0087313
25.36,0.65896,0.0069653
25.37,0.65894,0.0043683
25.38,0.65892,0.0011999
25.39,0.65887,-0.0012413
25.4,0.6588,-0.0031112
25.41,0.6587,-0.0053447
25.42,0.65856,-0.0074223
25.43,0.65845,-0.0091883
25.44,0.65835,-0.010902
25.45,0.65826,-0.014278
25.46,0.65819,-0.017031
25.47,0.65814,-0.020252
25.48,0.65809,-0.022018
25.49,0.65807,-0.024823
25.5,0.65802,-0.026744
25.51,0.65798,-0.029757
25.52,0.65788,-0.031523
25.53,0.65774,-0.033185
25.54,0.65751,-0.035107
25.55,0.65741,-0.037288
25.56,0.65729,-0.040405
25.57,0.6572,-0.040976
25.58,0.65711,-0.044508
25.59,0.65699,-0.046326
25.6,0.65671,-0.04804
25.61,0.65638,-0.049962
25.62,0.65617,-0.051728
25.63,0.65581,-0.052559
25.64,0.65532,-0.055935
25.65,0.65485,-0.057805
25.66,0.65426,-0.058324
25.67,0.65377,-0.060714
25.68,0.65346,-0.062687
25.69,0.6533,-0.063103
25.7,0.65304,-0.06383
25.71,0.65274,-0.066323
25.72,0.65252,-0.068713
25.73,0.65243,-0.068816
25.74,0.65231,-0.070167
25.75,0.65205,-0.072037
25.76,0.65173,-0.071673
25.77,0.65149,-0.074166
25.78,0.6513,-0.07453
25.79,0.65083,-0.076296
25.8,0.65067,-0.07588
25.81,0.65064,-0.078633
25.82,0.65064,-0.077491
25.83,0.65064,-0.078166
25.84,0.65064,-0.079205
25.85,0.65064,-0.07988
25.86,0.65064,-0.079516
25.87,0.65064,-0.080815
25.88,0.65064,-0.081542
25.89,0.65064,-0.081542
25.9,0.65062,-0.081075
25.91,0.65062,-0.082789
25.92,0.65062,-0.081906
25.93,0.65062,-0.080503
25.94,0.65062,-0.08123
25.95,0.65062,-0.080919
25.96,0.65062,-0.080763
25.97,0.65062,-0.080503
25.98,0.65062,-0.080243
25.99,0.65062,-0.079776
26,0.65062,-0.079049
26.01,0.65062,-0.078218
26.02,0.65062,-0.077646
26.03,0.65062,-0.077594
26.04,0.65062,-0.075673
26.05,0.65062,-0.074894
26.06,0.65062,-0.074738
26.07,0.65062,-0.073231
26.08,0.65062,-0.072556
26.09,0.65062,-0.070219
26.1,0.65062,-0.069855
26.11,0.65062,-0.069284
26.12,0.65062,-0.066583
26.13,0.65062,-0.065284
26.14,0.65062,-0.064661
26.15,0.65062,-0.062324
26.16,0.65062,-0.060818
26.17,0.65062,-0.059675
26.18,0.65062,-0.057441
26.19,0.65062,-0.055623
26.2,0.65064,-0.053909
26.21,0.65064,-0.051884
26.22,0.65064,-0.049754
26.23,0.65067,-0.048404
26.24,0.65069,-0.046949
26.25,0.65071,-0.043937
26.26,0.65074,-0.041651
26.27,0.65076,-0.040457
26.28,0.65079,-0.037288
26.29,0.65083,-0.036769
26.3,0.65086,-0.034899
26.31,0.65088,-0.032302
26.32,0.6509,-0.029289
26.33,0.65093,-0.028147
26.34,0.651,-0.02529
26.35,0.65107,-0.021654
26.36,0.65116,-0.020511
26.37,0.65121,-0.017759
26.38,0.65126,-0.014538
26.39,0.65133,-0.012616
26.4,0.65133,-0.0095519
26.41,0.65137,-0.0066432
26.42,0.65142,-0.0052927
26.43,0.65144,-0.0035267
26.44,0.65147,-0.0013452
26.45,0.65149,0.0017193
26.46,0.65156,0.0041605
26.47,0.65165,0.0068615
26.48,0.65177,0.0085755
26.49,0.65201,0.011432
26.5,0.65227,0.013562
26.51,0.65238,0.016886
26.52,0.65252,0.018704
26.53,0.65271,0.020834
26.54,0.65309,0.02369
26.55,0.65332,0.025249
26.56,0.65351,0.027586
26.57,0.65403,0.029352
26.58,0.65433,0.031585
26.59,0.65483,0.033559
26.6,0.6552,0.036364
26.61,0.65539,0.040259
26.62,0.65549,0.040104
26.63,0.65549,0.042389
26.64,0.65551,0.04509
26.65,0.65553,0.046285
26.66,0.65556,0.049557
26.67,0.6556,0.051271
26.68,0.65577,0.052985
26.69,0.65591,0.054335
26.7,0.65605,0.056205
26.71,0.65612,0.058647
26.72,0.65619,0.059218
26.73,0.65621,0.061711
26.74,0.65624,0.063685
26.75,0.65628,0.064204
